model,scenario,split,accuracy,macro_precision,macro_recall,macro_f1,weighted_f1,recall_menengah,precision_menengah,f1_menengah,recall_rendah,precision_rendah,f1_rendah,recall_tinggi,precision_tinggi,f1_tinggi
xgboost,random_oversampling_light,validation,0.8178410794602698,0.7997990867579908,0.7788689235670256,0.7885566529755913,0.81656432163424,0.7197309417040358,0.7328767123287672,0.7262443438914027,0.9008264462809917,0.872,0.8861788617886179,0.7160493827160493,0.7945205479452054,0.7532467532467533
xgboost,no_sampling,validation,0.820839580209895,0.8128378414792539,0.7696733761189982,0.7881212536371849,0.8179047790439905,0.7085201793721974,0.7452830188679245,0.7264367816091954,0.9214876033057852,0.8598971722365039,0.8896276595744681,0.6790123456790124,0.8333333333333334,0.7482993197278912
logistic_regression,no_sampling,validation,0.8095952023988006,0.8115127280807881,0.7528024427512583,0.7764522423096589,0.8047560992166708,0.6681614349775785,0.743142144638404,0.7036599763872491,0.9297520661157025,0.8353960396039604,0.8800521512385919,0.6604938271604939,0.856,0.7456445993031359
logistic_regression,random_oversampling_light,validation,0.7998500749625187,0.772377744618889,0.7771784825958853,0.7746269131859046,0.7992493170946162,0.6928251121076233,0.7152777777777778,0.7038724373576309,0.8732782369146006,0.8637602179836512,0.8684931506849315,0.7654320987654321,0.7380952380952381,0.7515151515151515
logistic_regression,class_weight_balanced,validation,0.795352323838081,0.7727713832565163,0.7746856769595366,0.773619703962051,0.796273917696153,0.7197309417040358,0.6948051948051948,0.7070484581497798,0.8512396694214877,0.8704225352112676,0.8607242339832869,0.7530864197530864,0.7530864197530864,0.7530864197530864
xgboost,random_oversampling_light,test,0.8159912376779846,0.8105829331840445,0.789729838464225,0.7988958267019268,0.8134885079493154,0.7026748971193416,0.7631284916201118,0.7316550615961436,0.9096085409252669,0.8457974851091992,0.8765432098765432,0.7569060773480663,0.8228228228228228,0.7884892086330936
