model,split,accuracy,macro_precision,macro_recall,macro_f1,weighted_f1,recall_tinggi
logistic_regression,validation,0.6814092953523239,0.6752259891434772,0.6963300134868762,0.683101859925087,0.6800984899687644,0.719047619047619
logistic_regression,test,0.6754289886820007,0.6753938842208003,0.7052709329915795,0.6844588482939183,0.6729414759188244,0.7720430107526882
random_forest,validation,0.699400299850075,0.7193459271104322,0.6988173046996576,0.7037428518732335,0.6982626143274182,0.6571428571428571
random_forest,test,0.6984300839722527,0.7150108153729567,0.7133285176190013,0.7084334163556543,0.6971686435708493,0.7161290322580646
xgboost,validation,0.6889055472263869,0.6989624064807903,0.6933897015596361,0.6913096080733351,0.6873092505877688,0.6666666666666666
xgboost,test,0.6871120847024461,0.6965017322250217,0.7135923938215344,0.6979184319669414,0.6841797890856157,0.7526881720430108
